kit_no,kit_name,included_part_no
PS-PR-A0-KIT-001-R00,PS PR A0 KIT 001 R00,PS-PR-A0-BMP-001-R00
PS-PR-A0-KIT-001-R00,PS PR A0 KIT 001 R00,PS-PR-A0-SBC-001-R00
PS-PR-A0-KIT-001-R00,PS PR A0 KIT 001 R00,PS-PR-A0-CAM-001-R00
PS-PR-A0-KIT-001-R00,PS PR A0 KIT 001 R00,PS-PR-A0-CBL-001-R00
PS-HU-H0-KIT-001-R00,PS HU H0 KIT 001 R00,PS-HU-H0-GDE-001-R00
PS-HU-H0-KIT-001-R00,PS HU H0 KIT 001 R00,PS-HU-H0-RLR-001-R00
PS-HU-H0-KIT-001-R00,PS HU H0 KIT 001 R00,PS-HU-H0-CVR-001-R00
PS-HU-H0-KIT-001-R00,PS HU H0 KIT 001 R00,PS-HU-H0-CHU-001-R00
PS-PP-P0-KIT-001-R00,PS PP P0 KIT 001 R00,PS-PP-P0-TRAY-001-R00
PS-PP-P0-KIT-001-R00,PS PP P0 KIT 001 R00,PS-PP-P0-DEPTH-001-R00
PS-ST-S0-KIT-001-R00,PS ST S0 KIT 001 R00,PS-ST-S0-DOCK-001-R00
